CREATE DATABASE stud
USE stud
CREATE TABLE Class
(
    cid     varchar(8),
    cname   varchar(30),
    monitor varchar(10),
    CONSTRAINT PK_Class PRIMARY KEY (cid)
)

CREATE TABLE S
(
    sno      varchar(10),
    sn       varchar(40) NOT NULL,
    sex      varchar(2),
    birthday datetime,
    sd       varchar(4),
    cid      varchar(8),
    CONSTRAINT PK_S PRIMARY KEY (sno),
    CONSTRAINT FK_S_Class FOREIGN KEY (cid) REFERENCES Class (cid)
)

--alter table add 

CREATE TABLE C
(
    cno   varchar(10),
    cn    varchar(40) NOT NULL,
    score numeric(5, 1),
    pno   varchar(10),
    CONSTRAINT PK_C PRIMARY KEY (cno)
)

CREATE TABLE SC
(
    sno   varchar(10),
    cno   varchar(10),
    grade tinyint,
    CONSTRAINT PK_SC PRIMARY KEY (sno, cno),
    CONSTRAINT FK_SC_S FOREIGN KEY (sno) REFERENCES S (sno),
    CONSTRAINT FK_SC_C FOREIGN KEY (cno) REFERENCES C (cno)
)

use stud
INSERT INTO class
VALUES ('6231', '计科1班', NULL)
INSERT INTO class
VALUES ('8451', '软工1班', NULL)
INSERT INTO class
VALUES ('8551', '智能1班', NULL)

INSERT INTO S
VALUES ('990104', '王三', '男', '1995-10-2', 'CS', '6231')
INSERT INTO S
VALUES ('990123', '余萍', '女', '1994-8-21', 'CS', '6231')
INSERT INTO S
VALUES ('990137', '沙荣强', '男', '1996-4-21', 'MA', '8551')
INSERT INTO S
VALUES ('990912', '沈宁', '男', '1995-7-23', 'CS', '6231')
INSERT INTO S
VALUES ('990910', '吴明', '男', '1997-5-1', 'PH', '8451')
INSERT INTO S
VALUES ('990911', '沈喜林', '男', '1993-8-31', 'CS', '6231')
INSERT INTO S
VALUES ('010133', '白伟明', '男', '1994-10-9', 'CS', '6231')
INSERT INTO S
VALUES ('010131', '毛小平', '男', '1992-3-11', 'MA', '8551')
INSERT INTO S
VALUES ('010903', '董华', '男', '1998-5-4', 'MA', '8551')
INSERT INTO S
VALUES ('010904', '黄武乐', '男', '1994-6-25', 'CS', '6231')

INSERT INTO C
VALUES ('C135', '数学', 5.5, NULL)
INSERT INTO C
VALUES ('C123', '数据库原理', 4, 'C135')
INSERT INTO C
VALUES ('C125', 'JAVA', 2, 'C135')
INSERT INTO C
VALUES ('C126', 'VB', 2, 'C135')
INSERT INTO C
VALUES ('C132', '数据结构', 3.5, 'C135')
INSERT INTO C
VALUES ('C133', 'PASCAL', 3, 'C135')
INSERT INTO C
VALUES ('C134', '操作系统', 3, 'C132')

INSERT INTO SC
VALUES ('990104', 'C135', 88)
INSERT INTO SC
VALUES ('990104', 'C132', 98)
INSERT INTO SC
VALUES ('990104', 'C123', 82)
INSERT INTO SC
VALUES ('990104', 'C126', 85)
INSERT INTO SC
VALUES ('990123', 'C135', 95)
INSERT INTO SC
VALUES ('990123', 'C132', 80)
INSERT INTO SC
VALUES ('990123', 'C123', 72)
INSERT INTO SC
VALUES ('010131', 'C135', 60)
INSERT INTO SC
VALUES ('010133', 'C133', 60)
INSERT INTO SC
VALUES ('010133', 'C135', 60)
INSERT INTO SC
VALUES ('990137', 'C135', 60)
INSERT INTO SC
VALUES ('990137', 'C133', 80)
INSERT INTO SC
VALUES ('990912', 'C135', 40)
INSERT INTO SC
VALUES ('990912', 'C132', 56)
INSERT INTO SC
VALUES ('990912', 'C133', 65)
INSERT INTO SC
VALUES ('990912', 'C134', 90)
INSERT INTO SC
VALUES ('990912', 'C123', 80)
INSERT INTO SC
VALUES ('990912', 'C125', 80)
INSERT INTO SC
VALUES ('990912', 'C126', 80)
INSERT INTO SC
VALUES ('990910', 'C135', 69)
INSERT INTO SC
VALUES ('990910', 'C132', 93)
INSERT INTO SC
VALUES ('990911', 'C123', 68)
INSERT INTO SC
VALUES ('990911', 'C134', 77)
INSERT INTO SC
VALUES ('990911', 'C125', 84)
INSERT INTO SC
VALUES ('990911', 'C133', 73)
INSERT INTO SC
VALUES ('990911', 'C135', 84)
INSERT INTO SC
VALUES ('990911', 'C132', 90)

INSERT INTO SC
VALUES ('010904', 'C125', NULL)
